File,Function,LOC,SLOC-P,SLOC-L,MVG,BLOC,C&SLOC,CLOC,CWORD
D:\Drives\OneDrive\GitHub\VanHuisDier\gevonden-fl-exotisch.html,go(),4,4,1,0,0,0,0,0,
D:\Drives\OneDrive\GitHub\VanHuisDier\gevonden-fl-exotisch.html,go(),4,4,1,0,0,0,0,0,
D:\Drives\OneDrive\GitHub\VanHuisDier\gevonden-fl-hond.html,go(),4,4,1,0,0,0,0,0,
D:\Drives\OneDrive\GitHub\VanHuisDier\gevonden-fl-hond.html,go(),4,4,1,0,0,0,0,0,
D:\Drives\OneDrive\GitHub\VanHuisDier\gevonden-fl-kat.html,go(),4,4,1,0,0,0,0,0,
D:\Drives\OneDrive\GitHub\VanHuisDier\gevonden-fl-kat.html,go(),4,4,1,0,0,0,0,0,
D:\Drives\OneDrive\GitHub\VanHuisDier\gevonden-fl-kvee.html,go(),4,4,1,0,0,0,0,0,
D:\Drives\OneDrive\GitHub\VanHuisDier\gevonden-fl-kvee.html,go(),4,4,1,0,0,0,0,0,
D:\Drives\OneDrive\GitHub\VanHuisDier\gevonden-fl-vogels.html,go(),4,4,1,0,0,0,0,0,
D:\Drives\OneDrive\GitHub\VanHuisDier\gevonden-fl-vogels.html,go(),4,4,1,0,0,0,0,0,
D:\Drives\OneDrive\GitHub\VanHuisDier\gevonden.html,go(),4,4,1,0,0,0,0,0,
D:\Drives\OneDrive\GitHub\VanHuisDier\gevonden.html,go(),4,4,1,0,0,0,0,0,
D:\Drives\OneDrive\GitHub\VanHuisDier\verloren-fl-hond.html,go(),4,4,1,0,0,0,0,0,
D:\Drives\OneDrive\GitHub\VanHuisDier\verloren-fl-kat.html,go(),4,4,1,0,0,0,0,0,
D:\Drives\OneDrive\GitHub\VanHuisDier\verloren-fl-knaagdier.html,go(),4,4,1,0,0,0,0,0,
D:\Drives\OneDrive\GitHub\VanHuisDier\verloren-fl-vee.html,go(),4,4,1,0,0,0,0,0,
D:\Drives\OneDrive\GitHub\VanHuisDier\verloren-fl-vogels.html,go(),4,4,1,0,0,0,0,0,
D:\Drives\OneDrive\GitHub\VanHuisDier\verloren.html,go(),4,4,1,0,0,0,0,0,
D:\Drives\OneDrive\GitHub\VanHuisDier\_pgbackup\gevonden-fl-exotisch_1553733738.html,go(),4,4,1,0,0,0,0,0,
D:\Drives\OneDrive\GitHub\VanHuisDier\_pgbackup\gevonden-fl-exotisch_1553733738.html,go(),4,4,1,0,0,0,0,0,
D:\Drives\OneDrive\GitHub\VanHuisDier\_pgbackup\gevonden-fl-exotisch_1553735209.html,go(),4,4,1,0,0,0,0,0,
D:\Drives\OneDrive\GitHub\VanHuisDier\_pgbackup\gevonden-fl-exotisch_1553735209.html,go(),4,4,1,0,0,0,0,0,
D:\Drives\OneDrive\GitHub\VanHuisDier\_pgbackup\gevonden-fl-exotisch_1553735262.html,go(),4,4,1,0,0,0,0,0,
D:\Drives\OneDrive\GitHub\VanHuisDier\_pgbackup\gevonden-fl-exotisch_1553735262.html,go(),4,4,1,0,0,0,0,0,
D:\Drives\OneDrive\GitHub\VanHuisDier\_pgbackup\gevonden-fl-exotisch_1553736713.html,go(),4,4,1,0,0,0,0,0,
D:\Drives\OneDrive\GitHub\VanHuisDier\_pgbackup\gevonden-fl-exotisch_1553736713.html,go(),4,4,1,0,0,0,0,0,
D:\Drives\OneDrive\GitHub\VanHuisDier\_pgbackup\gevonden-fl-hond_1553733738.html,go(),4,4,1,0,0,0,0,0,
D:\Drives\OneDrive\GitHub\VanHuisDier\_pgbackup\gevonden-fl-hond_1553733738.html,go(),4,4,1,0,0,0,0,0,
D:\Drives\OneDrive\GitHub\VanHuisDier\_pgbackup\gevonden-fl-hond_1553736713.html,go(),4,4,1,0,0,0,0,0,
D:\Drives\OneDrive\GitHub\VanHuisDier\_pgbackup\gevonden-fl-hond_1553736713.html,go(),4,4,1,0,0,0,0,0,
D:\Drives\OneDrive\GitHub\VanHuisDier\_pgbackup\gevonden-fl-kat_1553733738.html,go(),4,4,1,0,0,0,0,0,
D:\Drives\OneDrive\GitHub\VanHuisDier\_pgbackup\gevonden-fl-kat_1553733738.html,go(),4,4,1,0,0,0,0,0,
D:\Drives\OneDrive\GitHub\VanHuisDier\_pgbackup\gevonden-fl-kat_1553736713.html,go(),4,4,1,0,0,0,0,0,
D:\Drives\OneDrive\GitHub\VanHuisDier\_pgbackup\gevonden-fl-kat_1553736713.html,go(),4,4,1,0,0,0,0,0,
D:\Drives\OneDrive\GitHub\VanHuisDier\_pgbackup\gevonden-fl-kvee_1553733738.html,go(),4,4,1,0,0,0,0,0,
D:\Drives\OneDrive\GitHub\VanHuisDier\_pgbackup\gevonden-fl-kvee_1553733738.html,go(),4,4,1,0,0,0,0,0,
D:\Drives\OneDrive\GitHub\VanHuisDier\_pgbackup\gevonden-fl-kvee_1553736713.html,go(),4,4,1,0,0,0,0,0,
D:\Drives\OneDrive\GitHub\VanHuisDier\_pgbackup\gevonden-fl-kvee_1553736713.html,go(),4,4,1,0,0,0,0,0,
D:\Drives\OneDrive\GitHub\VanHuisDier\_pgbackup\gevonden-fl-vee_1553732727.html,go(),4,4,1,0,0,0,0,0,
D:\Drives\OneDrive\GitHub\VanHuisDier\_pgbackup\gevonden-fl-vee_1553732727.html,go(),4,4,1,0,0,0,0,0,
D:\Drives\OneDrive\GitHub\VanHuisDier\_pgbackup\gevonden-fl-vogels_1553732712.html,go(),4,4,1,0,0,0,0,0,
D:\Drives\OneDrive\GitHub\VanHuisDier\_pgbackup\gevonden-fl-vogels_1553732712.html,go(),4,4,1,0,0,0,0,0,
D:\Drives\OneDrive\GitHub\VanHuisDier\_pgbackup\gevonden-fl-vogels_1553733738.html,go(),4,4,1,0,0,0,0,0,
D:\Drives\OneDrive\GitHub\VanHuisDier\_pgbackup\gevonden-fl-vogels_1553733738.html,go(),4,4,1,0,0,0,0,0,
D:\Drives\OneDrive\GitHub\VanHuisDier\_pgbackup\gevonden-fl-vogels_1553736713.html,go(),4,4,1,0,0,0,0,0,
D:\Drives\OneDrive\GitHub\VanHuisDier\_pgbackup\gevonden-fl-vogels_1553736713.html,go(),4,4,1,0,0,0,0,0,
D:\Drives\OneDrive\GitHub\VanHuisDier\_pgbackup\gevonden_1553705135.html,go(),4,4,1,0,0,0,0,0,
D:\Drives\OneDrive\GitHub\VanHuisDier\_pgbackup\gevonden_1553705750.html,go(),4,4,1,0,0,0,0,0,
D:\Drives\OneDrive\GitHub\VanHuisDier\_pgbackup\gevonden_1553705750.html,go(),4,4,1,0,0,0,0,0,
D:\Drives\OneDrive\GitHub\VanHuisDier\_pgbackup\gevonden_1553706979.html,go(),4,4,1,0,0,0,0,0,
D:\Drives\OneDrive\GitHub\VanHuisDier\_pgbackup\gevonden_1553706979.html,go(),4,4,1,0,0,0,0,0,
D:\Drives\OneDrive\GitHub\VanHuisDier\_pgbackup\gevonden_1553707975.html,go(),4,4,1,0,0,0,0,0,
D:\Drives\OneDrive\GitHub\VanHuisDier\_pgbackup\gevonden_1553707975.html,go(),4,4,1,0,0,0,0,0,
D:\Drives\OneDrive\GitHub\VanHuisDier\_pgbackup\gevonden_1553709938.html,go(),4,4,1,0,0,0,0,0,
D:\Drives\OneDrive\GitHub\VanHuisDier\_pgbackup\gevonden_1553709938.html,go(),4,4,1,0,0,0,0,0,
D:\Drives\OneDrive\GitHub\VanHuisDier\_pgbackup\gevonden_1553712862.html,go(),4,4,1,0,0,0,0,0,
D:\Drives\OneDrive\GitHub\VanHuisDier\_pgbackup\gevonden_1553712862.html,go(),4,4,1,0,0,0,0,0,
D:\Drives\OneDrive\GitHub\VanHuisDier\_pgbackup\gevonden_1553712902.html,go(),4,4,1,0,0,0,0,0,
D:\Drives\OneDrive\GitHub\VanHuisDier\_pgbackup\gevonden_1553712902.html,go(),4,4,1,0,0,0,0,0,
D:\Drives\OneDrive\GitHub\VanHuisDier\_pgbackup\gevonden_1553712920.html,go(),4,4,1,0,0,0,0,0,
D:\Drives\OneDrive\GitHub\VanHuisDier\_pgbackup\gevonden_1553712920.html,go(),4,4,1,0,0,0,0,0,
D:\Drives\OneDrive\GitHub\VanHuisDier\_pgbackup\gevonden_1553726742.html,go(),4,4,1,0,0,0,0,0,
D:\Drives\OneDrive\GitHub\VanHuisDier\_pgbackup\gevonden_1553726742.html,go(),4,4,1,0,0,0,0,0,
D:\Drives\OneDrive\GitHub\VanHuisDier\_pgbackup\gevonden_1553727846.html,go(),4,4,1,0,0,0,0,0,
D:\Drives\OneDrive\GitHub\VanHuisDier\_pgbackup\gevonden_1553727846.html,go(),4,4,1,0,0,0,0,0,
D:\Drives\OneDrive\GitHub\VanHuisDier\_pgbackup\gevonden_1553729227.html,go(),4,4,1,0,0,0,0,0,
D:\Drives\OneDrive\GitHub\VanHuisDier\_pgbackup\gevonden_1553729227.html,go(),4,4,1,0,0,0,0,0,
D:\Drives\OneDrive\GitHub\VanHuisDier\_pgbackup\gevonden_1553729556.html,go(),4,4,1,0,0,0,0,0,
D:\Drives\OneDrive\GitHub\VanHuisDier\_pgbackup\gevonden_1553729556.html,go(),4,4,1,0,0,0,0,0,
D:\Drives\OneDrive\GitHub\VanHuisDier\_pgbackup\gevonden_1553729557.html,go(),4,4,1,0,0,0,0,0,
D:\Drives\OneDrive\GitHub\VanHuisDier\_pgbackup\gevonden_1553729557.html,go(),4,4,1,0,0,0,0,0,
D:\Drives\OneDrive\GitHub\VanHuisDier\_pgbackup\gevonden_1553731542.html,go(),4,4,1,0,0,0,0,0,
D:\Drives\OneDrive\GitHub\VanHuisDier\_pgbackup\gevonden_1553731542.html,go(),4,4,1,0,0,0,0,0,
D:\Drives\OneDrive\GitHub\VanHuisDier\_pgbackup\gevonden_1553732640.html,go(),4,4,1,0,0,0,0,0,
D:\Drives\OneDrive\GitHub\VanHuisDier\_pgbackup\gevonden_1553732640.html,go(),4,4,1,0,0,0,0,0,
D:\Drives\OneDrive\GitHub\VanHuisDier\_pgbackup\gevonden_1553733738.html,go(),4,4,1,0,0,0,0,0,
D:\Drives\OneDrive\GitHub\VanHuisDier\_pgbackup\gevonden_1553733738.html,go(),4,4,1,0,0,0,0,0,
D:\Drives\OneDrive\GitHub\VanHuisDier\_pgbackup\gevonden_1553733748.html,go(),4,4,1,0,0,0,0,0,
D:\Drives\OneDrive\GitHub\VanHuisDier\_pgbackup\gevonden_1553733748.html,go(),4,4,1,0,0,0,0,0,
D:\Drives\OneDrive\GitHub\VanHuisDier\_pgbackup\gevonden_1553734525.html,go(),4,4,1,0,0,0,0,0,
D:\Drives\OneDrive\GitHub\VanHuisDier\_pgbackup\gevonden_1553734525.html,go(),4,4,1,0,0,0,0,0,
D:\Drives\OneDrive\GitHub\VanHuisDier\_pgbackup\gevonden_1553736286.html,go(),4,4,1,0,0,0,0,0,
D:\Drives\OneDrive\GitHub\VanHuisDier\_pgbackup\gevonden_1553736286.html,go(),4,4,1,0,0,0,0,0,
D:\Drives\OneDrive\GitHub\VanHuisDier\_pgbackup\gevonden_1553736713.html,go(),4,4,1,0,0,0,0,0,
D:\Drives\OneDrive\GitHub\VanHuisDier\_pgbackup\gevonden_1553736713.html,go(),4,4,1,0,0,0,0,0,
D:\Drives\OneDrive\GitHub\VanHuisDier\_pgbackup\verloren-fl-hond_1553712862.html,go(),4,4,1,0,0,0,0,0,
D:\Drives\OneDrive\GitHub\VanHuisDier\_pgbackup\verloren-fl-hond_1553733738.html,go(),4,4,1,0,0,0,0,0,
D:\Drives\OneDrive\GitHub\VanHuisDier\_pgbackup\verloren-fl-hond_1553734525.html,go(),4,4,1,0,0,0,0,0,
D:\Drives\OneDrive\GitHub\VanHuisDier\_pgbackup\verloren-fl-hond_1553736713.html,go(),4,4,1,0,0,0,0,0,
D:\Drives\OneDrive\GitHub\VanHuisDier\_pgbackup\verloren-fl-kat_1553711642.html,go(),4,4,1,0,0,0,0,0,
D:\Drives\OneDrive\GitHub\VanHuisDier\_pgbackup\verloren-fl-kat_1553712862.html,go(),4,4,1,0,0,0,0,0,
D:\Drives\OneDrive\GitHub\VanHuisDier\_pgbackup\verloren-fl-kat_1553713528.html,go(),4,4,1,0,0,0,0,0,
D:\Drives\OneDrive\GitHub\VanHuisDier\_pgbackup\verloren-fl-kat_1553715506.html,go(),4,4,1,0,0,0,0,0,
D:\Drives\OneDrive\GitHub\VanHuisDier\_pgbackup\verloren-fl-kat_1553733738.html,go(),4,4,1,0,0,0,0,0,
D:\Drives\OneDrive\GitHub\VanHuisDier\_pgbackup\verloren-fl-kat_1553734525.html,go(),4,4,1,0,0,0,0,0,
D:\Drives\OneDrive\GitHub\VanHuisDier\_pgbackup\verloren-fl-kat_1553736713.html,go(),4,4,1,0,0,0,0,0,
D:\Drives\OneDrive\GitHub\VanHuisDier\_pgbackup\verloren-fl-knaagdier_1553712862.html,go(),4,4,1,0,0,0,0,0,
D:\Drives\OneDrive\GitHub\VanHuisDier\_pgbackup\verloren-fl-knaagdier_1553713529.html,go(),4,4,1,0,0,0,0,0,
D:\Drives\OneDrive\GitHub\VanHuisDier\_pgbackup\verloren-fl-knaagdier_1553734525.html,go(),4,4,1,0,0,0,0,0,
D:\Drives\OneDrive\GitHub\VanHuisDier\_pgbackup\verloren-fl-knaagdier_1553736713.html,go(),4,4,1,0,0,0,0,0,
D:\Drives\OneDrive\GitHub\VanHuisDier\_pgbackup\verloren-fl-vee_1553712862.html,go(),4,4,1,0,0,0,0,0,
D:\Drives\OneDrive\GitHub\VanHuisDier\_pgbackup\verloren-fl-vee_1553713534.html,go(),4,4,1,0,0,0,0,0,
D:\Drives\OneDrive\GitHub\VanHuisDier\_pgbackup\verloren-fl-vee_1553725127.html,go(),4,4,1,0,0,0,0,0,
D:\Drives\OneDrive\GitHub\VanHuisDier\_pgbackup\verloren-fl-vee_1553733738.html,go(),4,4,1,0,0,0,0,0,
D:\Drives\OneDrive\GitHub\VanHuisDier\_pgbackup\verloren-fl-vee_1553734525.html,go(),4,4,1,0,0,0,0,0,
D:\Drives\OneDrive\GitHub\VanHuisDier\_pgbackup\verloren-fl-vee_1553736713.html,go(),4,4,1,0,0,0,0,0,
D:\Drives\OneDrive\GitHub\VanHuisDier\_pgbackup\verloren-fl-vogels_1553712862.html,go(),4,4,1,0,0,0,0,0,
D:\Drives\OneDrive\GitHub\VanHuisDier\_pgbackup\verloren-fl-vogels_1553713531.html,go(),4,4,1,0,0,0,0,0,
D:\Drives\OneDrive\GitHub\VanHuisDier\_pgbackup\verloren-fl-vogels_1553726745.html,go(),4,4,1,0,0,0,0,0,
D:\Drives\OneDrive\GitHub\VanHuisDier\_pgbackup\verloren-fl-vogels_1553733738.html,go(),4,4,1,0,0,0,0,0,
D:\Drives\OneDrive\GitHub\VanHuisDier\_pgbackup\verloren-fl-vogels_1553734525.html,go(),4,4,1,0,0,0,0,0,
D:\Drives\OneDrive\GitHub\VanHuisDier\_pgbackup\verloren-fl-vogels_1553736713.html,go(),4,4,1,0,0,0,0,0,
D:\Drives\OneDrive\GitHub\VanHuisDier\_pgbackup\verloren-fltr-hond_1553711550.html,go(),4,4,1,0,0,0,0,0,
D:\Drives\OneDrive\GitHub\VanHuisDier\_pgbackup\verloren_1553705215.html,go(),4,4,1,0,0,0,0,0,
D:\Drives\OneDrive\GitHub\VanHuisDier\_pgbackup\verloren_1553705955.html,go(),4,4,1,0,0,0,0,0,
D:\Drives\OneDrive\GitHub\VanHuisDier\_pgbackup\verloren_1553707975.html,go(),4,4,1,0,0,0,0,0,
D:\Drives\OneDrive\GitHub\VanHuisDier\_pgbackup\verloren_1553709932.html,go(),4,4,1,0,0,0,0,0,
D:\Drives\OneDrive\GitHub\VanHuisDier\_pgbackup\verloren_1553711244.html,go(),4,4,1,0,0,0,0,0,
D:\Drives\OneDrive\GitHub\VanHuisDier\_pgbackup\verloren_1553711332.html,go(),4,4,1,0,0,0,0,0,
D:\Drives\OneDrive\GitHub\VanHuisDier\_pgbackup\verloren_1553711515.html,go(),4,4,1,0,0,0,0,0,
D:\Drives\OneDrive\GitHub\VanHuisDier\_pgbackup\verloren_1553711532.html,go(),4,4,1,0,0,0,0,0,
D:\Drives\OneDrive\GitHub\VanHuisDier\_pgbackup\verloren_1553712862.html,go(),4,4,1,0,0,0,0,0,
D:\Drives\OneDrive\GitHub\VanHuisDier\_pgbackup\verloren_1553713533.html,go(),4,4,1,0,0,0,0,0,
D:\Drives\OneDrive\GitHub\VanHuisDier\_pgbackup\verloren_1553726738.html,go(),4,4,1,0,0,0,0,0,
D:\Drives\OneDrive\GitHub\VanHuisDier\_pgbackup\verloren_1553733738.html,go(),4,4,1,0,0,0,0,0,
D:\Drives\OneDrive\GitHub\VanHuisDier\_pgbackup\verloren_1553734525.html,go(),4,4,1,0,0,0,0,0,
D:\Drives\OneDrive\GitHub\VanHuisDier\_pgbackup\verloren_1553736713.html,go(),4,4,1,0,0,0,0,0,
